Date,Average
2013-04-15,15.0
2013-04-16,17.0
2013-04-17,18.0
2013-04-18,19.0
2013-04-19,15.287627598785798
2013-04-20,15.287627598785798
2013-04-21,19.0
2013-04-22,19.0
2013-04-23,19.0
2013-04-24,15.648513734185071
2013-04-25,18.0
2013-04-26,19.0
2013-04-27,15.835410847122825
2013-04-28,18.0
2013-04-29,18.0
2013-04-30,18.0
2013-05-01,16.043591269414026
2013-05-02,19.0
2013-05-03,19.0
2013-05-04,16.23734652507693
2013-05-05,19.0
2013-05-06,19.0
2013-05-07,19.0
2013-05-08,18.0
2013-05-09,19.0
2013-05-10,18.0
2013-05-11,16.677224526091557
2013-05-12,18.0
2013-05-13,19.0
2013-05-14,19.0
2013-05-15,19.0
2013-05-16,19.0
2013-05-17,19.0
2013-05-18,17.071756744672925
2013-05-19,19.0
2013-05-20,19.0
2013-05-21,19.0
2013-05-22,19.0
2013-05-23,19.0
2013-05-24,19.0
2013-05-25,17.423069818947344
2013-05-26,20.0
2013-05-27,19.0
2013-05-28,19.0
2013-05-29,17.606408550996953
2013-05-30,18.0
2013-05-31,19.0
2013-06-01,17.664990385039804
2013-06-02,19.0
2013-06-03,18.0
2013-06-04,19.0
2013-06-05,19.0
2013-06-06,18.0
2013-06-07,17.80875734802818
2013-06-08,17.80875734802818
2013-06-09,20.0
2013-06-10,20.0
2013-06-11,20.0
2013-06-12,20.0
2013-06-13,20.0
2013-06-14,20.0
2013-06-15,18.21004170896092
2013-06-16,21.0
2013-06-17,21.0
2013-06-18,20.0
2013-06-19,21.0
2013-06-20,21.0
2013-06-21,22.0
2013-06-22,18.72147388099061
2013-06-23,18.72147388099061
2013-06-24,18.72147388099061
2013-06-25,24.0
2013-06-26,23.0
2013-06-27,23.0
2013-06-28,24.0
2013-06-29,19.333923861437835
2013-06-30,24.0
2013-07-01,23.0
2013-07-02,24.0
2013-07-03,23.0
2013-07-04,24.0
2013-07-05,23.0
2013-07-06,20.09189893741218
2013-07-07,20.09189893741218
2013-07-08,20.09189893741218
2013-07-09,24.0
2013-07-10,24.0
2013-07-11,24.0
2013-07-12,24.0
2013-07-13,20.59153077296502
2013-07-14,24.0
2013-07-15,24.0
2013-07-16,24.0
2013-07-17,24.0
2013-07-18,24.0
2013-07-19,24.0
2013-07-20,21.212531157336294
2013-07-21,25.0
2013-07-22,24.0
2013-07-23,24.0
2013-07-24,24.0
2013-07-25,24.0
2013-07-26,24.0
2013-07-27,21.749051406429093
2013-07-28,24.0
2013-07-29,24.0
2013-07-30,24.0
2013-07-31,24.0
2013-08-01,24.0
2013-08-02,24.0
2013-08-03,22.159159243319696
2013-08-04,28.0
2013-08-05,27.0
2013-08-06,27.0
2013-08-07,27.0
2013-08-08,26.0
2013-08-09,22.903775837682108
2013-08-10,22.903775837682108
2013-08-11,22.903775837682108
2013-08-12,26.0
2013-08-13,28.0
2013-08-14,28.0
2013-08-15,28.0
2013-08-16,29.0
2013-08-17,23.670612268921268
2013-08-18,30.0
2013-08-19,30.0
2013-08-20,30.0
2013-08-21,24.279344234961712
2013-08-22,24.279344234961712
2013-08-23,31.0
2013-08-24,24.51435450276148
2013-08-25,31.0
2013-08-26,31.0
2013-08-27,31.0
2013-08-28,25.13811463601888
2013-08-29,31.0
2013-08-30,31.0
2013-08-31,25.52228719159772
2013-09-01,32.0
2013-09-02,32.0
2013-09-03,31.0
2013-09-04,32.0
2013-09-05,32.0
2013-09-06,33.0
2013-09-07,26.70560366716904
2013-09-08,32.0
2013-09-09,32.0
2013-09-10,32.0
2013-09-11,32.0
2013-09-12,31.0
2013-09-13,31.0
2013-09-14,27.605708614652205
2013-09-15,32.0
2013-09-16,32.0
2013-09-17,32.0
2013-09-18,28.028331741565854
2013-09-19,32.0
2013-09-20,31.0
2013-09-21,28.25583755227225
2013-09-22,32.0
2013-09-23,32.0
2013-09-24,31.0
2013-09-25,31.0
2013-09-26,26.0
2013-09-27,26.0
2013-09-28,28.49066756437192
2013-09-29,25.0
2013-09-30,25.0
2013-10-01,25.0
2013-10-02,26.0
2013-10-03,26.0
2013-10-04,27.0
2013-10-05,27.98264903727312
2013-10-06,27.0
2013-10-07,27.0
2013-10-08,29.0
2013-10-09,31.0
2013-10-10,31.0
2013-10-11,31.0
2013-10-12,31.0
2013-10-13,31.0
2013-10-14,31.0
2013-10-15,31.0
2013-10-16,31.0
2013-10-17,31.0
2013-10-18,28.743320045173643
2013-10-19,28.743320045173643
2013-10-20,46.0
2013-10-21,46.0
2013-10-22,45.0
2013-10-23,49.0
2013-10-24,53.0
2013-10-25,54.0
2013-10-26,32.45018074309472
2013-10-27,54.0
2013-10-28,51.0
2013-10-29,48.0
2013-10-30,43.0
2013-10-31,43.0
2013-11-01,37.0
2013-11-02,34.86873163573066
2013-11-03,41.0
2013-11-04,43.0
2013-11-05,43.0
2013-11-06,43.0
2013-11-07,43.0
2013-11-08,36.06551024280545
2013-11-09,36.06551024280545
2013-11-10,41.0
2013-11-11,36.0
2013-11-12,36.0
2013-11-13,37.0
2013-11-14,42.0
2013-11-15,42.0
2013-11-16,42.0
2013-11-17,42.0
2013-11-18,42.0
2013-11-19,37.13127444818673
2013-11-20,40.0
2013-11-21,41.0
2013-11-22,41.0
2013-11-23,37.47167432427607
2013-11-24,38.0
2013-11-25,37.0
2013-11-26,37.0
2013-11-27,35.0
2013-11-28,34.0
2013-11-29,33.0
2013-11-30,37.12677280348203
2013-12-01,31.0
2013-12-02,31.0
2013-12-03,31.0
2013-12-04,31.0
2013-12-05,31.0
2013-12-06,31.0
2013-12-07,36.010515618074606
2013-12-08,33.0
2013-12-09,31.0
2013-12-10,31.0
2013-12-11,32.0
2013-12-12,31.0
2013-12-13,31.0
2013-12-14,35.185629220352325
2013-12-15,31.0
2013-12-16,31.0
2013-12-17,34.911314085469485
2013-12-18,29.0
2013-12-19,29.0
2013-12-20,29.0
2013-12-21,34.342790557125426
2013-12-22,31.0
2013-12-23,29.0
2013-12-24,31.0
2013-12-25,33.957872226732114
2013-12-26,31.0
2013-12-27,33.0
2013-12-28,33.82959482787119
2013-12-29,32.0
2013-12-30,33.767643518129226
2013-12-31,31.0
2014-01-01,26.0
2014-01-02,26.0
2014-01-03,26.0
2014-01-04,32.94359402492121
2014-01-05,26.0
2014-01-06,26.0
2014-01-07,25.0
2014-01-08,25.0
2014-01-09,23.0
2014-01-10,24.0
2014-01-11,31.457469271657622
2014-01-12,25.0
2014-01-13,24.0
2014-01-14,24.0
2014-01-15,30.77192021005238
2014-01-16,23.0
2014-01-17,23.0
2014-01-18,30.26256899223483
2014-01-19,23.0
2014-01-20,23.0
2014-01-21,23.0
2014-01-22,23.0
2014-01-23,23.0
2014-01-24,23.0
2014-01-25,28.93937730843489
2014-01-26,22.0
2014-01-27,22.0
2014-01-28,23.0
2014-01-29,22.0
2014-01-30,28.098052535896755
2014-01-31,28.098052535896755
2014-02-01,28.098052535896755
2014-02-02,21.0
2014-02-03,19.0
2014-02-04,20.0
2014-02-05,17.0
2014-02-06,17.0
2014-02-07,17.0
2014-02-08,23.0
2014-02-09,17.0
2014-02-10,18.0
2014-02-11,18.0
2014-02-12,20.0
2014-02-13,19.0
2014-02-14,20.0
2014-02-15,24.85630355482136
2014-02-16,20.0
2014-02-17,20.0
2014-02-18,20.0
2014-02-19,24.38924618115153
2014-02-20,20.0
2014-02-21,20.0
2014-02-22,24.10158652597662
2014-02-23,20.0
2014-02-24,20.0
2014-02-25,20.0
2014-02-26,21.0
2014-02-27,23.61835658208005
2014-02-28,20.0
2014-03-01,23.49583659789637
2014-03-02,23.49583659789637
2014-03-03,20.0
2014-03-04,23.37359294730952
2014-03-05,22.0
2014-03-06,23.0
2014-03-07,23.0
2014-03-08,23.305985763275103
2014-03-09,22.0
2014-03-10,22.0
2014-03-11,22.0
2014-03-12,22.0
2014-03-13,22.0
2014-03-14,21.0
2014-03-15,23.03525697304016
2014-03-16,23.03525697304016
2014-03-17,23.0
2014-03-18,23.0
2014-03-19,23.0
2014-03-20,24.0
2014-03-21,24.0
2014-03-22,23.094275402890005
2014-03-23,24.0
2014-03-24,23.0
2014-03-25,24.0
2014-03-26,24.0
2014-03-27,23.0
2014-03-28,24.0
2014-03-29,23.19888663185115
2014-03-30,23.19888663185115
2014-03-31,24.0
2014-04-01,24.0
2014-04-02,23.0
2014-04-03,24.0
2014-04-04,24.0
2014-04-05,23.292739907194065
2014-04-06,25.0
2014-04-07,25.0
2014-04-08,23.404629245208277
2014-04-09,27.0
2014-04-10,28.0
2014-04-11,29.0
2014-04-12,23.84770146495064
2014-04-13,27.0
2014-04-14,23.954440410628138
2014-04-15,28.0
2014-04-16,28.0
2014-04-17,28.0
2014-04-18,29.0
2014-04-19,24.496195427642878
2014-04-20,29.0
2014-04-21,28.0
2014-04-22,26.0
2014-04-23,26.0
2014-04-24,24.83864639659187
2014-04-25,26.0
2014-04-26,24.877970609640936
2014-04-27,26.0
2014-04-28,25.0
2014-04-29,25.0
2014-04-30,25.0
2014-05-01,24.92396113401277
2014-05-02,28.0
2014-05-03,25.02811787607506
2014-05-04,28.0
2014-05-05,29.0
2014-05-06,29.0
2014-05-07,29.0
2014-05-08,30.0
2014-05-09,29.0
2014-05-10,25.75481824458188
2014-05-11,29.0
2014-05-12,29.0
2014-05-13,28.0
2014-05-14,26.03413830459932
2014-05-15,28.0
2014-05-16,28.0
2014-05-17,26.162975711771622
2014-05-18,28.0
2014-05-19,28.0
2014-05-20,28.0
2014-05-21,27.0
2014-05-22,29.0
2014-05-23,28.0
2014-05-24,26.49870903258684
2014-05-25,28.0
2014-05-26,29.0
2014-05-27,29.0
2014-05-28,29.0
2014-05-29,26.782756030102984
2014-05-30,31.0
2014-05-31,26.925554743488338
2014-06-01,31.0
2014-06-02,33.0
2014-06-03,33.0
2014-06-04,33.0
2014-06-05,33.0
2014-06-06,34.0
2014-06-07,28.00774108898808
2014-06-08,34.0
2014-06-09,34.0
2014-06-10,35.0
2014-06-11,34.0
2014-06-12,35.0
2014-06-13,35.0
2014-06-14,29.19365605588292
2014-06-15,37.0
2014-06-16,37.0
2014-06-17,37.0
2014-06-18,37.0
2014-06-19,39.0
2014-06-20,38.0
2014-06-21,30.712130609085644
2014-06-22,30.712130609085644
2014-06-23,40.0
2014-06-24,38.0
2014-06-25,41.0
2014-06-26,39.0
2014-06-27,41.0
2014-06-28,32.12825558040072
2014-06-29,41.0
2014-06-30,41.0
2014-07-01,41.0
2014-07-02,41.0
2014-07-03,41.0
2014-07-04,41.0
2014-07-05,41.0
2014-07-06,46.0
2014-07-07,38.0
2014-07-08,36.0
2014-07-09,37.0
2014-07-10,36.0
2014-07-11,36.0
2014-07-12,37.0
2014-07-13,44.0
2014-07-14,37.0
2014-07-15,37.0
2014-07-16,37.0
2014-07-17,36.0
2014-07-18,37.0
2014-07-19,41.0
2014-07-20,41.0
2014-07-21,41.0
2014-07-22,41.0
2014-07-23,41.0
2014-07-24,41.0
2014-07-25,41.0
2014-07-26,41.0
2014-07-27,41.0
2014-07-28,41.0
2014-07-29,41.0
2014-07-30,41.0
2014-07-31,42.0
2014-08-01,41.0
2014-08-02,41.0
2014-08-03,43.0
2014-08-04,43.0
2014-08-05,43.0
2014-08-06,45.0
2014-08-07,45.0
2014-08-08,45.0
2014-08-09,45.0
2014-08-10,45.0
2014-08-11,46.0
2014-08-12,46.0
2014-08-13,46.0
2014-08-14,47.0
2014-08-15,49.0
2014-08-16,49.0
2014-08-17,49.0
2014-08-18,49.0
2014-08-19,53.0
2014-08-20,51.0
2014-08-21,46.0
2014-08-22,46.0
2014-08-23,46.0
2014-08-24,46.0
2014-08-25,46.0
2014-08-26,46.0
2014-08-27,46.0
2014-08-28,46.0
2014-08-29,46.0
2014-08-30,42.9427871550447
2014-08-31,51.0
2014-09-01,46.0
2014-09-02,45.0
2014-09-03,45.0
2014-09-04,45.0
2014-09-05,46.0
2014-09-06,45.0
2014-09-07,53.0
2014-09-08,46.0
2014-09-09,46.0
2014-09-10,46.0
2014-09-11,45.0
2014-09-12,45.0
2014-09-13,46.0
2014-09-14,53.0
2014-09-15,46.0
2014-09-16,45.0
2014-09-17,46.0
2014-09-18,45.0
2014-09-19,45.0
2014-09-20,45.0
2014-09-21,45.0
2014-09-22,45.0
2014-09-23,46.0
2014-09-24,46.0
2014-09-25,44.76482352809161
2014-09-26,49.0
2014-09-27,44.90822944803966
2014-09-28,48.0
2014-09-29,49.0
2014-09-30,48.0
2014-10-01,45.23729390105034
2014-10-02,45.23729390105034
2014-10-03,45.23729390105034
2014-10-04,45.23729390105034
2014-10-05,45.23729390105034
2014-10-06,45.23729390105034
2014-10-07,45.23729390105034
2014-10-08,49.0
2014-10-09,49.0
2014-10-10,51.0
2014-10-11,45.69005609630404
2014-10-12,54.0
2014-10-13,53.0
2014-10-14,53.0
2014-10-15,54.0
2014-10-16,53.0
2014-10-17,51.0
2014-10-18,47.01563957100821
2014-10-19,59.0
2014-10-20,64.0
2014-10-21,68.0
2014-10-22,53.0
2014-10-23,53.0
2014-10-24,47.0
2014-10-25,44.0
2014-10-26,51.0
2014-10-27,47.0
2014-10-28,41.0
2014-10-29,40.0
2014-10-30,40.0
2014-10-31,55.0
2014-11-01,52.0
2014-11-02,51.0
2014-11-03,47.0
2014-11-04,47.0
2014-11-05,48.0
2014-11-06,47.0
2014-11-07,47.0
2014-11-08,49.0
2014-11-09,48.0
2014-11-10,46.0
2014-11-11,43.0
2014-11-12,42.0
2014-11-13,43.0
2014-11-14,41.0
2014-11-15,41.0
2014-11-16,41.0
2014-11-17,39.0
2014-11-18,39.0
2014-11-19,37.0
2014-11-20,37.0
2014-11-21,36.0
2014-11-22,42.0
2014-11-23,38.0
2014-11-24,41.0
2014-11-25,41.0
2014-11-26,41.0
2014-11-27,41.0
2014-11-28,39.0
2014-11-29,36.0
2014-11-30,41.0
2014-12-01,39.0
2014-12-02,33.0
2014-12-03,34.0
2014-12-04,35.0
2014-12-05,36.0
2014-12-06,36.0
2014-12-07,35.0
2014-12-08,34.0
2014-12-09,39.0
2014-12-10,39.0
2014-12-11,33.0
2014-12-12,29.0
2014-12-13,29.0
2014-12-14,29.0
2014-12-15,30.0
2014-12-16,29.0
2014-12-17,31.0
2014-12-18,30.0
2014-12-19,28.0
2014-12-20,38.68059756735468
2014-12-21,27.0
2014-12-22,25.0
2014-12-23,27.0
2014-12-24,24.0
2014-12-25,22.0
2014-12-26,24.0
2014-12-27,22.0
2014-12-28,25.0
2014-12-29,23.0
2014-12-30,22.0
2014-12-31,20.0
2015-01-01,21.0
2015-01-02,21.0
2015-01-03,22.0
2015-01-04,21.0
2015-01-05,22.0
2015-01-06,21.0
2015-01-07,23.0
2015-01-08,22.0
2015-01-09,22.0
2015-01-10,30.83276387191631
2015-01-11,22.0
2015-01-12,20.0
2015-01-13,21.0
2015-01-14,21.0
2015-01-15,21.0
2015-01-16,22.0
2015-01-17,21.0
2015-01-18,22.0
2015-01-19,21.0
2015-01-20,20.0
2015-01-21,21.0
2015-01-22,21.0
2015-01-23,21.0
2015-01-24,27.39170816818713
2015-01-25,24.0
2015-01-26,21.0
2015-01-27,20.0
2015-01-28,19.0
2015-01-29,21.0
2015-01-30,26.39917890838089
2015-01-31,21.0
2015-02-01,21.0
2015-02-02,21.0
2015-02-03,21.0
2015-02-04,21.0
2015-02-05,19.0
2015-02-06,19.0
2015-02-07,19.0
2015-02-08,19.0
2015-02-09,19.0
2015-02-10,19.0
2015-02-11,19.0
2015-02-12,19.0
2015-02-13,19.0
2015-02-14,18.0
2015-02-15,18.0
2015-02-16,18.0
2015-02-17,23.30542566589534
2015-02-18,18.0
2015-02-19,17.0
2015-02-20,19.0
2015-02-21,22.79624873299537
2015-02-22,19.0
2015-02-23,19.0
2015-02-24,19.0
2015-02-25,19.0
2015-02-26,19.0
2015-02-27,19.0
2015-02-28,22.10459750620408
2015-03-01,19.0
2015-03-02,19.0
2015-03-03,19.0
2015-03-04,21.80601131998637
2015-03-05,21.80601131998637
2015-03-06,19.0
2015-03-07,21.707889723699644
2015-03-08,21.707889723699644
2015-03-09,19.0
2015-03-10,19.0
2015-03-11,19.0
2015-03-12,19.0
2015-03-13,19.0
2015-03-14,19.0
2015-03-15,19.0
2015-03-16,19.0
2015-03-17,17.0
2015-03-18,17.0
2015-03-19,17.0
2015-03-20,19.0
2015-03-21,19.0
2015-03-22,19.0
2015-03-23,19.0
2015-03-24,17.0
2015-03-25,17.0
2015-03-26,17.0
2015-03-27,18.0
2015-03-28,18.0
2015-03-29,17.0
2015-03-30,16.0
2015-03-31,17.0
2015-04-01,17.0
2015-04-02,17.0
2015-04-03,17.0
2015-04-04,17.0
2015-04-05,17.0
2015-04-06,17.0
2015-04-07,17.0
2015-04-08,17.0
2015-04-09,19.057179305008862
2015-04-10,18.0
2015-04-11,19.021382503673568
2015-04-12,17.0
2015-04-13,17.0
2015-04-14,17.0
2015-04-15,16.0
2015-04-16,17.0
2015-04-17,17.0
2015-04-18,17.0
2015-04-19,17.0
2015-04-20,18.0
2015-04-21,18.0
2015-04-22,18.0
2015-04-23,18.0
2015-04-24,17.0
2015-04-25,17.0
2015-04-26,19.0
2015-04-27,19.0
2015-04-28,18.0
2015-04-29,19.0
2015-04-30,18.0
2015-05-01,21.0
2015-05-02,21.0
2015-05-03,18.0
2015-05-04,18.0
2015-05-05,18.0
2015-05-06,18.0
2015-05-07,18.0
2015-05-08,18.0
2015-05-09,18.460423270558188
2015-05-10,18.0
2015-05-11,17.0
2015-05-12,17.0
2015-05-13,17.0
2015-05-14,17.0
2015-05-15,17.0
2015-05-16,17.0
2015-05-17,16.0
2015-05-18,17.0
2015-05-19,17.0
2015-05-20,17.0
2015-05-21,17.0
2015-05-22,17.0
2015-05-23,17.0
2015-05-24,16.0
2015-05-25,16.0
2015-05-26,17.0
2015-05-27,16.0
2015-05-28,16.0
2015-05-29,17.0
2015-05-30,17.0
2015-05-31,17.0
2015-06-01,17.0
2015-06-02,17.0
2015-06-03,17.0
2015-06-04,17.0
2015-06-05,17.0
2015-06-06,20.0
2015-06-07,21.0
2015-06-08,21.0
2015-06-09,21.0
2015-06-10,21.0
2015-06-11,21.0
2015-06-12,21.0
2015-06-13,21.0
2015-06-14,22.0
2015-06-15,21.0
2015-06-16,22.0
2015-06-17,21.0
2015-06-18,21.0
2015-06-19,22.0
2015-06-20,22.0
2015-06-21,21.0
2015-06-22,21.0
2015-06-23,21.0
2015-06-24,21.0
2015-06-25,21.0
2015-06-26,21.0
2015-06-27,22.0
2015-06-28,21.0
2015-06-29,21.0
2015-06-30,22.0
2015-07-01,23.0
2015-07-02,23.0
2015-07-03,22.0
2015-07-04,22.0
2015-07-05,22.0
2015-07-06,22.0
2015-07-07,22.0
2015-07-08,22.0
2015-07-09,22.0
2015-07-10,22.0
2015-07-11,21.0
2015-07-12,22.0
2015-07-13,22.0
2015-07-14,22.0
2015-07-15,22.0
2015-07-16,22.0
2015-07-17,23.0
2015-07-18,23.0
2015-07-19,23.0
2015-07-20,24.0
2015-07-21,35.0
2015-07-22,24.0
2015-07-23,24.0
2015-07-24,24.0
2015-07-25,24.0
2015-07-26,24.0
2015-07-27,24.0
2015-07-28,24.0
2015-07-29,24.0
2015-07-30,25.0
2015-07-31,25.0
2015-08-01,24.0
2015-08-02,25.0
2015-08-03,25.0
2015-08-04,25.0
2015-08-05,25.0
2015-08-06,25.0
2015-08-07,25.0
2015-08-08,25.0
2015-08-09,27.0
2015-08-10,28.0
2015-08-11,28.0
2015-08-12,28.0
2015-08-13,29.0
2015-08-14,27.0
2015-08-15,27.0
2015-08-16,28.0
2015-08-17,28.0
2015-08-18,28.0
2015-08-19,31.0
2015-08-20,31.0
2015-08-21,31.0
2015-08-22,31.0
2015-08-23,31.0
2015-08-24,32.0
2015-08-25,32.0
2015-08-26,34.0
2015-08-27,34.0
2015-08-28,32.0
2015-08-29,25.0
2015-08-30,27.0
2015-08-31,35.0
2015-09-01,35.0
2015-09-02,35.0
2015-09-03,30.0
2015-09-04,31.0
2015-09-05,30.0
2015-09-06,28.0
2015-09-07,31.0
2015-09-08,31.0
2015-09-09,30.0
2015-09-10,30.0
2015-09-11,31.0
2015-09-12,32.0
2015-09-13,32.0
2015-09-14,32.0
2015-09-15,32.0
2015-09-16,32.0
2015-09-17,31.0
2015-09-18,31.0
2015-09-19,32.0
2015-09-20,31.0
2015-09-21,31.0
2015-09-22,31.0
2015-09-23,31.0
2015-09-24,31.0
2015-09-25,31.0
2015-09-26,38.0
2015-09-27,41.0
2015-09-28,39.0
2015-09-29,38.0
2015-09-30,38.0
2015-10-01,38.0
2015-10-02,38.0
2015-10-03,38.0
2015-10-04,38.0
2015-10-05,38.0
2015-10-06,38.0
2015-10-07,38.0
2015-10-08,38.0
2015-10-09,38.0
2015-10-10,39.0
2015-10-11,38.0
2015-10-12,38.0
2015-10-13,38.0
2015-10-14,38.0
2015-10-15,38.0
2015-10-16,38.0
2015-10-17,36.0
2015-10-18,37.0
2015-10-19,36.0
2015-10-20,35.0
2015-10-21,35.0
2015-10-22,35.0
2015-10-23,35.0
2015-10-24,35.0
2015-10-25,35.0
2015-10-26,38.0
2015-10-27,35.0
2015-10-28,35.0
2015-10-29,35.0
2015-10-30,36.0
2015-10-31,40.0
2015-11-01,36.0
2015-11-02,36.0
2015-11-03,36.0
2015-11-04,35.0
2015-11-05,35.0
2015-11-06,35.0
2015-11-07,35.0
2015-11-08,33.0
2015-11-09,33.0
2015-11-10,33.0
2015-11-11,33.0
2015-11-12,36.0
2015-11-13,36.0
2015-11-14,37.0
2015-11-15,34.0
2015-11-16,34.0
2015-11-17,33.0
2015-11-18,33.0
2015-11-19,28.0
2015-11-20,26.0
2015-11-21,27.0
2015-11-22,28.0
2015-11-23,28.0
2015-11-24,28.0
2015-11-25,28.0
2015-11-26,28.0
2015-11-27,28.0
2015-11-28,28.0
2015-11-29,28.0
2015-11-30,28.0
2015-12-01,28.0
2015-12-02,28.0
2015-12-03,28.0
2015-12-04,28.0
2015-12-05,27.0
2015-12-06,28.0
2015-12-07,28.0
2015-12-08,28.0
2015-12-09,28.0
2015-12-10,28.0
2015-12-11,28.0
2015-12-12,27.0
2015-12-13,28.0
2015-12-14,28.0
2015-12-15,28.0
2015-12-16,28.0
2015-12-17,28.0
2015-12-18,28.0
2015-12-19,28.0
2015-12-20,28.0
2015-12-21,28.0
2015-12-22,29.0
2015-12-23,28.0
2015-12-24,35.0
2015-12-25,27.0
2015-12-26,28.0
2015-12-27,28.0
2015-12-28,28.0
2015-12-29,28.0
2015-12-30,28.0
2015-12-31,28.0
2016-01-01,28.0
2016-01-02,30.0
2016-01-03,29.0
2016-01-04,28.0
2016-01-05,28.0
2016-01-06,28.0
2016-01-07,29.0
2016-01-08,29.0
2016-01-09,28.0
2016-01-10,29.0
2016-01-11,28.0
2016-01-12,28.0
2016-01-13,28.0
2016-01-14,28.0
2016-01-15,28.0
2016-01-16,27.0
2016-01-17,28.0
2016-01-18,28.0
2016-01-19,28.0
2016-01-20,28.0
2016-01-21,28.0
2016-01-22,28.0
2016-01-23,28.0
2016-01-24,29.0
2016-01-25,28.0
2016-01-26,28.0
2016-01-27,28.0
2016-01-28,28.0
2016-01-29,28.0
2016-01-30,29.0
2016-01-31,24.0
2016-02-01,23.0
2016-02-02,22.0
2016-02-03,22.0
2016-02-04,22.0
2016-02-05,22.0
2016-02-06,27.0
2016-02-07,21.0
2016-02-08,23.0
2016-02-09,21.0
2016-02-10,22.0
2016-02-11,22.0
2016-02-12,22.0
2016-02-13,23.0
2016-02-14,22.0
2016-02-15,22.0
2016-02-16,22.0
2016-02-17,22.0
2016-02-18,22.0
2016-02-19,22.0
2016-02-20,22.0
2016-02-21,22.0
2016-02-22,22.0
2016-02-23,22.0
2016-02-24,22.0
2016-02-25,22.0
2016-02-26,22.0
2016-02-27,24.0
2016-02-28,22.0
2016-02-29,22.0
2016-03-01,22.0
2016-03-02,22.0
2016-03-03,24.48867835760392
2016-03-04,22.0
2016-03-05,22.0
2016-03-06,22.0
2016-03-07,22.0
2016-03-08,23.0
2016-03-09,22.0
2016-03-10,22.0
2016-03-11,22.0
2016-03-12,23.0
2016-03-13,23.0
2016-03-14,23.873433140567062
2016-03-15,22.0
2016-03-16,22.0
2016-03-17,22.0
2016-03-18,22.0
2016-03-19,23.0
2016-03-20,22.0
2016-03-21,22.0
2016-03-22,23.0
2016-03-23,22.0
2016-03-24,22.0
2016-03-25,22.0
2016-03-26,22.0
2016-03-27,22.0
2016-03-28,22.0
2016-03-29,22.0
2016-03-30,22.0
2016-03-31,22.0
2016-04-01,22.0
2016-04-02,23.0
2016-04-03,22.0
2016-04-04,22.0
2016-04-05,22.0
2016-04-06,22.0
2016-04-07,21.0
2016-04-08,21.0
2016-04-09,21.0
2016-04-10,23.0
2016-04-11,24.0
2016-04-12,24.0
2016-04-13,23.0
2016-04-14,28.0
2016-04-15,27.0
2016-04-16,26.0
2016-04-17,28.0
2016-04-18,28.0
2016-04-19,28.0
2016-04-20,28.0
2016-04-21,28.0
2016-04-22,28.0
2016-04-23,24.0
2016-04-24,26.0
2016-04-25,28.0
2016-04-26,28.0
2016-04-27,28.0
2016-04-28,27.0
2016-04-29,28.0
2016-04-30,28.0
2016-05-01,27.0
2016-05-02,31.0
2016-05-03,31.0
2016-05-04,30.0
2016-05-05,30.0
2016-05-06,30.0
2016-05-07,30.0
2016-05-08,30.0
2016-05-09,33.0
2016-05-10,33.0
2016-05-11,33.0
2016-05-12,33.0
2016-05-13,38.0
2016-05-14,38.0
2016-05-15,38.0
2016-05-16,38.0
2016-05-17,35.0
2016-05-18,36.0
2016-05-19,36.0
2016-05-20,35.0
2016-05-21,34.0
2016-05-22,35.0
2016-05-23,35.0
2016-05-24,38.0
2016-05-25,35.0
2016-05-26,35.0
2016-05-27,33.0
2016-05-28,35.0
2016-05-29,35.0
2016-05-30,35.0
2016-05-31,35.0
2016-06-01,35.0
2016-06-02,36.0
2016-06-03,35.0
2016-06-04,34.0
2016-06-05,35.0
2016-06-06,35.0
2016-06-07,35.0
2016-06-08,35.0
2016-06-09,36.0
2016-06-10,35.0
2016-06-11,35.0
2016-06-12,35.0
2016-06-13,34.0
2016-06-14,36.0
2016-06-15,36.0
2016-06-16,36.0
2016-06-17,35.0
2016-06-18,35.0
2016-06-19,35.0
2016-06-20,35.0
2016-06-21,35.0
2016-06-22,35.0
2016-06-23,35.0
2016-06-24,35.0
2016-06-25,36.0
2016-06-26,35.0
2016-06-27,37.0
2016-06-28,36.0
2016-06-29,35.0
2016-06-30,35.0
2016-07-01,35.0
2016-07-02,37.0
2016-07-03,35.0
2016-07-04,35.0
2016-07-05,35.0
2016-07-06,35.0
2016-07-07,35.0
2016-07-08,35.0
2016-07-09,36.0
2016-07-10,42.0
2016-07-11,42.0
2016-07-12,42.0
2016-07-13,42.0
2016-07-14,42.0
2016-07-15,41.0
2016-07-16,39.0
2016-07-17,40.0
2016-07-18,40.0
2016-07-19,40.0
2016-07-20,41.0
2016-07-21,38.0
2016-07-22,38.0
2016-07-23,37.0
2016-07-24,37.0
2016-07-25,36.0
2016-07-26,36.0
2016-07-27,36.0
2016-07-28,36.0
2016-07-29,36.0
2016-07-30,36.0
2016-07-31,36.0
2016-08-01,36.0
2016-08-02,43.0
2016-08-03,37.0
2016-08-04,38.0
2016-08-05,38.0
2016-08-06,38.0
2016-08-07,38.0
2016-08-08,38.0
2016-08-09,42.0
2016-08-10,42.0
2016-08-11,42.0
2016-08-12,42.0
2016-08-13,42.0
2016-08-14,42.0
2016-08-15,42.0
2016-08-16,42.0
2016-08-17,42.0
2016-08-18,42.0
2016-08-19,42.0
2016-08-20,42.0
2016-08-21,42.0
2016-08-22,42.0
2016-08-23,42.0
2016-08-24,42.0
2016-08-25,43.0
2016-08-26,39.0
2016-08-27,38.0
2016-08-28,39.0
2016-08-29,38.0
2016-08-30,38.0
2016-08-31,38.0
2016-09-01,38.0
2016-09-02,38.0
2016-09-03,38.0
2016-09-04,38.0
2016-09-05,38.0
2016-09-06,38.0
2016-09-07,38.0
2016-09-08,38.0
2016-09-09,38.0
2016-09-10,38.0
2016-09-11,38.0
2016-09-12,38.0
2016-09-13,38.0
2016-09-14,38.0
2016-09-15,38.0
2016-09-16,38.0
2016-09-17,38.0
2016-09-18,38.0
2016-09-19,38.0
2016-09-20,38.0
2016-09-21,38.0
2016-09-22,38.0
2016-09-23,38.0
2016-09-24,38.0
2016-09-25,36.0
2016-09-26,36.0
2016-09-27,36.0
2016-09-28,36.0
2016-09-29,36.0
2016-09-30,36.0
2016-10-01,36.0
2016-10-02,36.0
2016-10-03,36.0
2016-10-04,36.0
2016-10-05,36.0
2016-10-06,36.0
2016-10-07,36.0
2016-10-08,36.0
2016-10-09,36.0
2016-10-10,36.0
2016-10-11,36.0
2016-10-12,36.0
2016-10-13,36.0
2016-10-14,36.0
2016-10-15,36.0
2016-10-16,36.0
2016-10-17,36.0
2016-10-18,36.0
2016-10-19,36.0
2016-10-20,36.0
2016-10-21,36.0
2016-10-22,36.0
2016-10-23,38.0
2016-10-24,37.0
2016-10-25,38.0
2016-10-26,38.0
2016-10-27,38.0
2016-10-28,38.0
2016-10-29,38.0
2016-10-30,38.0
2016-10-31,38.0
2016-11-01,38.0
2016-11-02,38.0
2016-11-03,58.0
2016-11-04,58.0
2016-11-05,58.0
2016-11-06,58.0
2016-11-07,48.0
2016-11-08,48.0
2016-11-09,48.0
2016-11-10,42.0
2016-11-11,42.0
2016-11-12,42.0
2016-11-13,42.0
2016-11-14,42.0
2016-11-15,38.0
2016-11-16,38.0
2016-11-17,38.0
2016-11-18,38.0
2016-11-19,38.0
2016-11-20,38.0
2016-11-21,38.0
2016-11-22,38.0
2016-11-23,38.0
2016-11-24,38.0
2016-11-25,36.0
2016-11-26,36.0
2016-11-27,36.0
2016-11-28,36.0
2016-11-29,34.0
2016-11-30,33.0
2016-12-01,33.0
2016-12-02,33.0
2016-12-03,32.0
2016-12-04,33.0
2016-12-05,33.0
2016-12-06,33.0
2016-12-07,33.0
2016-12-08,33.0
2016-12-09,33.0
2016-12-10,33.0
2016-12-11,33.0
2016-12-12,30.0
2016-12-13,30.0
2016-12-14,30.0
2016-12-15,30.0
2016-12-16,30.0
2016-12-17,30.0
2016-12-18,30.0
2016-12-19,30.0
2016-12-20,30.0
2016-12-21,30.0
2016-12-22,30.0
2016-12-23,30.0
2016-12-24,30.0
2016-12-25,30.0
2016-12-26,29.0
2016-12-27,29.0
2016-12-28,29.0
2016-12-29,29.0
2016-12-30,29.0
2016-12-31,29.0
2017-01-01,29.0
2017-01-02,29.0
2017-01-03,29.0
2017-01-04,29.0
2017-01-05,29.0
2017-01-06,26.0
2017-01-07,26.0
2017-01-08,26.0
2017-01-09,26.0
2017-01-10,26.0
2017-01-11,26.0
2017-01-12,25.0
2017-01-13,25.0
2017-01-14,25.0
2017-01-15,25.0
2017-01-16,25.0
2017-01-17,25.0
2017-01-18,45.0
2017-01-19,25.0
2017-01-20,25.0
2017-01-21,25.0
2017-01-22,25.0
2017-01-23,25.0
2017-01-24,25.0
2017-01-25,25.0
2017-01-26,21.0
2017-01-27,21.0
2017-01-28,21.0
2017-01-29,21.0
2017-01-30,21.0
2017-01-31,21.0
2017-02-01,21.0
2017-02-02,21.0
2017-02-03,21.0
2017-02-04,21.0
2017-02-05,21.0
2017-02-06,22.0
2017-02-07,21.0
2017-02-08,22.0
2017-02-09,21.0
2017-02-10,21.0
2017-02-11,21.0
2017-02-12,21.0
2017-02-13,21.0
2017-02-14,21.0
2017-02-15,21.0
2017-02-16,21.0
2017-02-17,21.0
2017-02-18,21.0
2017-02-19,19.0
2017-02-20,19.0
2017-02-21,19.0
2017-02-22,19.0
2017-02-23,19.0
2017-02-24,24.0228096847401
2017-02-25,19.0
2017-02-26,19.0
2017-02-27,19.0
2017-02-28,19.0
2017-03-01,19.0
2017-03-02,19.0
2017-03-03,23.107687224455866
2017-03-04,19.0
2017-03-05,19.0
2017-03-06,19.0
2017-03-07,17.0
2017-03-08,17.0
2017-03-09,17.0
2017-03-10,17.0
2017-03-11,17.0
2017-03-12,21.835560900010247
2017-03-13,19.0
2017-03-14,19.0
2017-03-15,19.0
2017-03-16,19.0
2017-03-17,19.0
2017-03-18,19.0
2017-03-19,19.0
2017-03-20,19.0
2017-03-21,15.0
2017-03-22,15.0
2017-03-23,15.0
2017-03-24,15.0
2017-03-25,15.0
2017-03-26,15.0
2017-03-27,15.0
2017-03-28,15.0
2017-03-29,15.0
2017-03-30,15.0
2017-03-31,15.0
2017-04-01,15.0
2017-04-02,15.0
2017-04-03,16.0
2017-04-04,16.0
2017-04-05,16.0
2017-04-06,16.0
2017-04-07,16.0
2017-04-08,16.0
2017-04-09,17.0
2017-04-10,17.0
2017-04-11,17.0
2017-04-12,17.0
2017-04-13,17.0
2017-04-14,17.0
2017-04-15,17.0
2017-04-16,24.0
2017-04-17,23.0
2017-04-18,24.0
2017-04-19,24.0
2017-04-20,24.0
2017-04-21,24.0
2017-04-22,24.0
2017-04-23,24.0
2017-04-24,24.0
2017-04-25,23.0
2017-04-26,23.0
2017-04-27,23.0
2017-04-28,23.0
2017-04-29,23.0
2017-04-30,21.0
2017-05-01,21.0
2017-05-02,21.0
2017-05-03,21.0
2017-05-04,21.0
2017-05-05,21.0
2017-05-06,21.0
2017-05-07,21.0
2017-05-08,21.0
2017-05-09,21.0
2017-05-10,21.0
2017-05-11,21.0
2017-05-12,21.0
2017-05-13,21.0
2017-05-14,20.472011882100865
2017-05-15,21.0
2017-05-16,21.0
2017-05-17,21.0
2017-05-18,21.0
2017-05-19,21.0
2017-05-20,21.0
2017-05-21,21.0
2017-05-22,21.0
2017-05-23,21.0
2017-05-24,21.0
2017-05-25,21.0
2017-05-26,21.0
2017-05-27,21.0
2017-05-28,21.0
2017-05-29,21.0
2017-05-30,21.0
2017-05-31,21.0
2017-06-01,21.0
2017-06-02,21.0
2017-06-03,21.0
2017-06-04,21.0
2017-06-05,21.0
2017-06-06,21.0
2017-06-07,21.0
2017-06-08,22.0
2017-06-09,22.0
2017-06-10,22.0
2017-06-11,22.0
2017-06-12,22.0
2017-06-13,21.0
2017-06-14,21.0
2017-06-15,22.0
2017-06-16,22.0
2017-06-17,21.0
2017-06-18,21.0
2017-06-19,21.0
2017-06-20,21.0
2017-06-21,21.0
2017-06-22,26.0
2017-06-23,26.0
2017-06-24,26.0
2017-06-25,25.0
2017-06-26,25.0
2017-06-27,24.0
2017-06-28,26.0
2017-06-29,25.0
2017-06-30,25.0
2017-07-01,25.0
2017-07-02,25.0
2017-07-03,25.0
2017-07-04,24.0
2017-07-05,24.0
2017-07-06,25.0
2017-07-07,25.0
2017-07-08,25.0
2017-07-09,26.0
2017-07-10,26.0
2017-07-11,26.0
2017-07-12,26.0
2017-07-13,26.0
2017-07-14,26.0
2017-07-15,26.0
2017-07-16,26.0
2017-07-17,25.0
2017-07-18,26.0
2017-07-19,26.0
2017-07-20,26.0
2017-07-21,26.0
2017-07-22,26.0
2017-07-23,26.0
2017-07-24,26.0
2017-07-25,26.0
2017-07-26,27.0
2017-07-27,26.0
2017-07-28,26.0
2017-07-29,26.0
2017-07-30,27.0
2017-07-31,27.0
2017-08-01,27.0
2017-08-02,27.0
2017-08-03,31.0
2017-08-04,32.0
2017-08-05,32.0
2017-08-06,32.0
2017-08-07,32.0
2017-08-08,31.0
2017-08-09,32.0
2017-08-10,32.0
2017-08-11,32.0
2017-08-12,31.0
2017-08-13,32.0
2017-08-14,33.0
2017-08-15,32.0
2017-08-16,31.0
2017-08-17,33.0
2017-08-18,34.0
2017-08-19,34.0
2017-08-20,34.0
2017-08-21,34.0
2017-08-22,34.0
2017-08-23,34.0
2017-08-24,34.0
2017-08-25,34.0
2017-08-26,34.0
2017-08-27,31.0
2017-08-28,31.0
2017-08-29,31.0
2017-08-30,31.0
2017-08-31,31.0
2017-09-01,32.0
2017-09-02,32.0
2017-09-03,31.0
2017-09-04,31.0
2017-09-05,31.0
2017-09-06,32.0
2017-09-07,31.0
2017-09-08,31.0
2017-09-09,32.0
2017-09-10,31.0
2017-09-11,31.0
2017-09-12,31.0
2017-09-13,31.0
2017-09-14,31.0
2017-09-15,31.0
2017-09-16,31.0
2017-09-17,31.0
2017-09-18,31.0
2017-09-19,30.25490312551029
2017-09-20,31.0
2017-09-21,31.0
2017-09-22,31.0
2017-09-23,31.0
2017-09-24,31.0
2017-09-25,31.0
2017-09-26,31.0
2017-09-27,31.0
2017-09-28,31.0
2017-09-29,32.0
2017-09-30,32.0
2017-10-01,32.0
2017-10-02,31.0
2017-10-03,31.0
2017-10-04,31.0
2017-10-05,32.0
2017-10-06,32.0
2017-10-07,32.0
2017-10-08,34.0
2017-10-09,34.0
2017-10-10,35.0
2017-10-11,34.0
2017-10-12,34.0
2017-10-13,34.0
2017-10-14,34.0
2017-10-15,32.0
2017-10-16,31.0
2017-10-17,31.0
2017-10-18,31.0
2017-10-19,31.0
2017-10-20,31.0
2017-10-21,31.0
2017-10-22,46.0
2017-10-23,49.0
2017-10-24,46.0
2017-10-25,42.0
2017-10-26,42.0
2017-10-27,42.0
2017-10-28,42.0
2017-10-29,44.0
2017-10-30,44.0
2017-10-31,44.0
2017-11-01,44.0
2017-11-02,44.0
2017-11-03,44.0
2017-11-04,44.0
2017-11-05,44.0
2017-11-06,44.0
2017-11-07,44.0
2017-11-08,44.0
2017-11-09,42.0
2017-11-10,42.0
2017-11-11,42.0
2017-11-12,42.0
2017-11-13,42.0
2017-11-14,41.0
2017-11-15,42.0
2017-11-16,38.0
2017-11-17,38.0
2017-11-18,34.0
2017-11-19,36.0
2017-11-20,36.0
2017-11-21,34.0
2017-11-22,34.0
2017-11-23,34.0
2017-11-24,34.0
2017-11-25,34.0
2017-11-26,34.0
2017-11-27,34.0
2017-11-28,34.0
2017-11-29,31.0
2017-11-30,33.0
2017-12-01,32.0
2017-12-02,31.0
2017-12-03,31.0
2017-12-04,32.0
2017-12-05,32.0
2017-12-06,32.0
2017-12-07,35.710430785454186
2017-12-08,31.0
2017-12-09,32.0
2017-12-10,36.0
2017-12-11,36.0
2017-12-12,36.0
2017-12-13,36.0
2017-12-14,35.0
2017-12-15,36.0
2017-12-16,36.0
2017-12-17,36.0
2017-12-18,36.0
2017-12-19,36.0
2017-12-20,36.0
2017-12-21,35.58126153888081
2017-12-22,35.58126153888081
2017-12-23,35.58126153888081
2017-12-24,35.58126153888081
2017-12-25,35.58126153888081
2017-12-26,35.58126153888081
2017-12-27,36.0
2017-12-28,36.0
2017-12-29,36.0
2017-12-30,36.0
2017-12-31,36.0
2018-01-01,35.0
2018-01-02,32.0
2018-01-03,32.0
2018-01-04,31.0
2018-01-05,31.0
2018-01-06,31.0
2018-01-07,29.0
2018-01-08,29.0
2018-01-09,29.0
2018-01-10,29.0
2018-01-11,29.0
2018-01-12,29.0
2018-01-13,29.0
2018-01-14,29.0
2018-01-15,33.576193360994786
2018-01-16,29.0
2018-01-17,26.0
2018-01-18,26.0
2018-01-19,26.0
2018-01-20,26.0
2018-01-21,26.0
2018-01-22,26.0
2018-01-23,25.0
2018-01-24,24.0
2018-01-25,24.0
2018-01-26,24.0
2018-01-27,24.0
2018-01-28,24.0
2018-01-29,24.0
2018-01-30,24.0
2018-01-31,24.0
2018-02-01,24.0
2018-02-02,22.0
2018-02-03,22.0
2018-02-04,21.0
2018-02-05,21.0
2018-02-06,21.0
2018-02-07,21.0
2018-02-08,21.0
2018-02-09,21.0
2018-02-10,21.0
2018-02-11,21.0
2018-02-12,22.0
2018-02-13,21.0
2018-02-14,21.0
2018-02-15,21.0
2018-02-16,21.0
2018-02-17,21.0
2018-02-18,21.0
2018-02-19,21.0
2018-02-20,21.0
2018-02-21,21.0
2018-02-22,21.0
2018-02-23,21.0
2018-02-24,22.0
2018-02-25,22.0
2018-02-26,21.0
2018-02-27,24.0
2018-02-28,23.0
2018-03-01,23.0
2018-03-02,23.0
2018-03-03,23.0
2018-03-04,24.67231485206072
2018-03-05,23.0
2018-03-06,23.0
2018-03-07,23.0
2018-03-08,23.0
2018-03-09,22.0
2018-03-10,38.0
2018-03-11,23.0
2018-03-12,22.0
2018-03-13,21.0
2018-03-14,22.0
2018-03-15,21.0
2018-03-16,23.0
2018-03-17,23.0
2018-03-18,24.0
2018-03-19,24.0
2018-03-20,23.0
2018-03-21,23.0
2018-03-22,23.0
2018-03-23,23.0
2018-03-24,23.0
2018-03-25,23.0
2018-03-26,23.0
2018-03-27,24.0
2018-03-28,24.0
2018-03-29,24.0
2018-03-30,25.0
2018-03-31,27.0
2018-04-01,29.0
2018-04-02,29.0
2018-04-03,29.0
2018-04-04,31.0
2018-04-05,31.0
2018-04-06,34.0
2018-04-07,34.0
2018-04-08,34.0
2018-04-09,34.0
2018-04-10,34.0
2018-04-11,32.0
2018-04-12,33.0
2018-04-13,33.0
2018-04-14,33.0
2018-04-15,29.0
2018-04-16,29.0
2018-04-17,29.0
2018-04-18,30.0
2018-04-19,31.0
2018-04-20,31.0
2018-04-21,32.0
2018-04-22,32.0
2018-04-23,31.0
2018-04-24,30.0
2018-04-25,31.0
2018-04-26,31.0
2018-04-27,31.0
2018-04-28,32.0
2018-04-29,31.0
2018-04-30,31.0
2018-05-01,31.0
2018-05-02,31.0
2018-05-03,31.0
2018-05-04,32.0
2018-05-05,30.0
2018-05-06,31.0
2018-05-07,31.0
2018-05-08,31.0
2018-05-09,31.0
2018-05-10,30.0
2018-05-11,29.0
2018-05-12,29.0
2018-05-13,29.0
2018-05-14,29.0
2018-05-15,29.0
2018-05-16,29.0
2018-05-17,29.0
2018-05-18,28.0
2018-05-19,29.0
2018-05-20,29.0
2018-05-21,29.0
2018-05-22,29.0
2018-05-23,26.0
2018-05-24,26.0
2018-05-25,26.0
2018-05-26,27.0
2018-05-27,26.0
2018-05-28,26.0
2018-05-29,28.0
2018-05-30,31.0
2018-05-31,30.0
2018-06-01,31.0
2018-06-02,31.0
2018-06-03,32.0
2018-06-04,33.0
2018-06-05,34.0
2018-06-06,34.0
2018-06-07,34.0
2018-06-08,34.0
2018-06-09,34.0
2018-06-10,32.0
2018-06-11,32.0
2018-06-12,32.0
2018-06-13,32.0
2018-06-14,32.0
2018-06-15,32.0
2018-06-16,32.0
2018-06-17,32.0
2018-06-18,32.0
2018-06-19,32.0
2018-06-20,33.0
2018-06-21,33.0
2018-06-22,34.0
2018-06-23,34.0
2018-06-24,34.0
2018-06-25,35.0
2018-06-26,35.0
2018-06-27,35.0
2018-06-28,35.0
2018-06-29,36.0
2018-06-30,36.0
2018-07-01,36.0
2018-07-02,35.0
2018-07-03,39.0
2018-07-04,37.0
2018-07-05,38.0
2018-07-06,37.0
2018-07-07,37.0
2018-07-08,39.0
2018-07-09,39.0
2018-07-10,39.0
2018-07-11,39.0
2018-07-12,39.0
2018-07-13,39.0
2018-07-14,39.0
2018-07-15,39.0
2018-07-16,39.0
2018-07-17,39.0
2018-07-18,42.0
2018-07-19,43.0
2018-07-20,42.0
2018-07-21,42.0
2018-07-22,43.0
2018-07-23,42.0
2018-07-24,42.0
2018-07-25,42.0
2018-07-26,42.0
2018-07-27,42.0
2018-07-28,43.0
2018-07-29,42.0
2018-07-30,43.0
2018-07-31,42.0
2018-08-01,42.0
2018-08-02,42.0
2018-08-03,42.0
2018-08-04,43.0
2018-08-05,42.0
2018-08-06,42.0
2018-08-07,45.0
2018-08-08,45.0
2018-08-09,45.0
2018-08-10,45.0
2018-08-11,45.0
2018-08-12,46.0
2018-08-13,46.0
2018-08-14,46.0
2018-08-15,46.0
2018-08-16,46.0
2018-08-17,46.0
2018-08-18,46.0
2018-08-19,46.0
2018-08-20,46.0
2018-08-21,46.0
2018-08-22,46.0
2018-08-23,46.0
2018-08-24,46.0
2018-08-25,46.0
2018-08-26,46.0
2018-08-27,46.0
2018-08-28,46.0
2018-08-29,46.0
2018-08-30,46.0
2018-08-31,46.0
2018-09-01,46.0
2018-09-02,46.0
2018-09-03,46.0
2018-09-04,48.0
2018-09-05,48.0
2018-09-06,48.0
2018-09-07,49.0
2018-09-08,49.0
2018-09-09,52.0
2018-09-10,52.0
2018-09-11,52.0
2018-09-12,52.0
2018-09-13,52.0
2018-09-14,56.0
2018-09-15,57.0
2018-09-16,56.0
2018-09-17,56.0
2018-09-18,56.0
2018-09-19,58.0
2018-09-20,56.0
2018-09-21,56.0
2018-09-22,57.0
2018-09-23,58.0
2018-09-24,59.0
2018-09-25,62.0
2018-09-26,56.0
2018-09-27,52.0
2018-09-28,52.0
2018-09-29,52.0
2018-09-30,52.0
2018-10-01,52.0
2018-10-02,52.0
2018-10-03,52.0
2018-10-04,52.0
2018-10-05,52.0
2018-10-06,52.0
2018-10-07,52.0
2018-10-08,53.0
2018-10-09,52.0
2018-10-10,53.0
2018-10-11,52.0
2018-10-12,52.0
2018-10-13,52.0
2018-10-14,52.0
2018-10-15,58.0
2018-10-16,58.0
2018-10-17,62.0
2018-10-18,59.0
2018-10-19,59.0
2018-10-20,62.0
2018-10-21,62.0
2018-10-22,73.0
2018-10-23,71.0
2018-10-24,70.0
2018-10-25,68.0
2018-10-26,70.0
2018-10-27,69.0
2018-10-28,69.0
2018-10-29,68.0
2018-10-30,62.0
2018-10-31,59.0
2018-11-01,55.0
2018-11-02,55.0
2018-11-03,51.0
2018-11-04,52.0
2018-11-05,50.0
2018-11-06,51.0
2018-11-07,52.0
2018-11-08,52.0
2018-11-09,55.0
2018-11-10,55.0
2018-11-11,55.0
2018-11-12,55.0
2018-11-13,51.0
2018-11-14,51.0
2018-11-15,51.0
2018-11-16,47.0
2018-11-17,49.0
2018-11-18,49.0
2018-11-19,47.0
2018-11-20,47.0
2018-11-21,51.0
2018-11-22,52.0
2018-11-23,55.0
2018-11-24,55.0
2018-11-25,52.0
2018-11-26,52.0
2018-11-27,51.0
2018-11-28,51.0
2018-11-29,49.0
2018-11-30,49.0
2018-12-01,49.0
2018-12-02,48.0
2018-12-03,46.0
2018-12-04,46.0
2018-12-05,42.0
2018-12-06,46.0
2018-12-07,47.0
2018-12-08,47.0
2018-12-09,46.0
2018-12-10,46.0
2018-12-11,42.0
2018-12-12,42.0
2018-12-13,42.0
2018-12-14,42.0
2018-12-15,43.0
2018-12-16,42.0
2018-12-17,42.0
2018-12-18,39.0
2018-12-19,36.0
2018-12-20,36.0
2018-12-21,36.0
2018-12-22,37.0
2018-12-23,36.0
2018-12-24,32.0
2018-12-25,33.0
2018-12-26,32.0
2018-12-27,33.0
2018-12-28,30.0
2018-12-29,26.0
2018-12-30,30.0
2018-12-31,30.0
2019-01-01,32.0
2019-01-02,32.0
2019-01-03,31.0
2019-01-04,32.0
2019-01-05,33.0
2019-01-06,33.0
2019-01-07,33.0
2019-01-08,33.0
2019-01-09,32.0
2019-01-10,32.0
2019-01-11,32.0
2019-01-12,33.0
2019-01-13,29.0
2019-01-14,29.0
2019-01-15,29.0
2019-01-16,29.0
2019-01-17,29.0
2019-01-18,29.0
2019-01-19,29.0
2019-01-20,29.0
2019-01-21,29.0
2019-01-22,29.0
2019-01-23,29.0
2019-01-24,29.0
2019-01-25,29.0
2019-01-26,28.0
2019-01-27,29.0
2019-01-28,29.0
2019-01-29,25.0
2019-01-30,24.0
2019-01-31,24.0
2019-02-01,24.0
2019-02-02,22.0
2019-02-03,22.0
2019-02-04,23.0
2019-02-05,22.0
2019-02-06,22.0
2019-02-07,22.0
2019-02-08,23.0
2019-02-09,23.0
2019-02-10,22.0
2019-02-11,22.0
2019-02-12,22.0
2019-02-13,23.0
2019-02-14,22.0
2019-02-15,21.0
2019-02-16,21.0
2019-02-17,22.0
2019-02-18,22.0
2019-02-19,22.0
2019-02-20,22.0
2019-02-21,22.0
2019-02-22,22.0
2019-02-23,22.0
2019-02-24,22.0
2019-02-25,22.0
2019-02-26,22.0
2019-02-27,21.0
2019-02-28,21.0
2019-03-01,21.0
2019-03-02,21.0
2019-03-03,21.0
2019-03-04,26.22956854404759
2019-03-05,21.0
2019-03-06,21.0
2019-03-07,22.0
2019-03-08,22.0
2019-03-09,22.0
2019-03-10,22.0
2019-03-11,23.0
2019-03-12,23.0
2019-03-13,23.0
2019-03-14,23.0
2019-03-15,23.0
2019-03-16,23.0
2019-03-17,24.0
2019-03-18,21.0
2019-03-19,22.0
2019-03-20,22.0
2019-03-21,22.0
2019-03-22,22.0
2019-03-23,22.0
2019-03-24,22.0
2019-03-25,23.0
2019-03-26,22.0
2019-03-27,22.0
2019-03-28,22.0
2019-03-29,22.0
2019-03-30,22.0
2019-03-31,22.0
2019-04-01,22.0
2019-04-02,22.0
2019-04-03,22.0
2019-04-04,22.0
2019-04-05,22.0
2019-04-06,22.0
2019-04-07,24.0
2019-04-08,24.0
2019-04-09,24.0
2019-04-10,25.0
2019-04-11,26.0
2019-04-12,26.0
2019-04-13,26.0
2019-04-14,26.0
2019-04-15,26.0
2019-04-16,26.0
2019-04-17,29.0
2019-04-18,29.0
2019-04-19,28.0
2019-04-20,26.0
2019-04-21,29.0
2019-04-22,27.0
2019-04-23,25.0
2019-04-24,27.0
2019-04-25,25.0
2019-04-26,26.0
2019-04-27,24.0
2019-04-28,24.0
2019-04-29,24.0
2019-04-30,24.0
2019-05-01,24.0
2019-05-02,24.0
2019-05-03,25.0
2019-05-04,25.0
2019-05-05,25.0
2019-05-06,26.0
2019-05-07,27.0
2019-05-08,29.0
2019-05-09,27.0
2019-05-10,26.0
2019-05-11,27.0
2019-05-12,26.0
2019-05-13,26.0
2019-05-14,25.0
2019-05-15,26.0
2019-05-16,27.0
2019-05-17,27.0
2019-05-18,26.0
2019-05-19,28.0
2019-05-20,27.0
2019-05-21,26.0
2019-05-22,29.0
2019-05-23,29.0
2019-05-24,28.0
2019-05-25,28.0
2019-05-26,29.0
2019-05-27,29.0
2019-05-28,29.0
2019-05-29,29.0
2019-05-30,29.0
2019-05-31,29.0
2019-06-01,29.0
2019-06-02,31.0
2019-06-03,31.0
2019-06-04,31.0
2019-06-05,31.0
2019-06-06,31.0
2019-06-07,31.0
2019-06-08,31.0
2019-06-09,31.0
2019-06-10,32.0
2019-06-11,33.0
2019-06-12,33.0
2019-06-13,33.0
2019-06-14,33.0
2019-06-15,33.0
2019-06-16,33.0
2019-06-17,33.0
2019-06-18,33.0
2019-06-19,33.0
2019-06-20,33.0
2019-06-21,33.0
2019-06-22,33.0
2019-06-23,33.0
2019-06-24,34.0
2019-06-25,34.0
2019-06-26,32.0
2019-06-27,32.0
2019-06-28,32.0
2019-06-29,32.0
2019-06-30,32.0
2019-07-01,32.0
2019-07-02,32.0
2019-07-03,34.0
2019-07-04,33.0
2019-07-05,32.0
2019-07-06,33.0
2019-07-07,36.0
2019-07-08,36.0
2019-07-09,36.0
2019-07-10,36.0
2019-07-11,36.0
2019-07-12,36.0
2019-07-13,31.61445914946477
2019-07-14,36.0
2019-07-15,36.0
2019-07-16,37.0
2019-07-17,39.0
2019-07-18,38.0
2019-07-19,38.0
2019-07-20,39.0
2019-07-21,39.0
2019-07-22,39.0
2019-07-23,39.0
2019-07-24,46.0
2019-07-25,47.0
2019-07-26,47.0
2019-07-27,41.0
2019-07-28,42.0
2019-07-29,42.0
2019-07-30,44.0
2019-07-31,43.0
2019-08-01,42.0
2019-08-02,41.0
2019-08-03,41.0
2019-08-04,41.0
2019-08-05,41.0
2019-08-06,41.0
2019-08-07,41.0
2019-08-08,41.0
2019-08-09,39.0
2019-08-10,40.0
2019-08-11,40.0
2019-08-12,40.0
2019-08-13,41.0
2019-08-14,42.0
2019-08-15,41.0
2019-08-16,41.0
2019-08-17,41.0
2019-08-18,41.0
2019-08-19,41.0
2019-08-20,41.0
2019-08-21,41.0
2019-08-22,41.0
2019-08-23,41.0
2019-08-24,41.0
2019-08-25,41.0
2019-08-26,41.0
2019-08-27,41.0
2019-08-28,41.0
2019-08-29,41.0
2019-08-30,41.0
2019-08-31,43.0
2019-09-01,42.0
2019-09-02,42.0
2019-09-03,41.0
2019-09-04,41.0
2019-09-05,41.0
2019-09-06,41.0
2019-09-07,41.0
2019-09-08,41.0
2019-09-09,41.0
2019-09-10,42.0
2019-09-11,43.0
2019-09-12,44.0
2019-09-13,44.0
2019-09-14,48.0
2019-09-15,51.0
2019-09-16,53.0
2019-09-17,58.0
2019-09-18,59.0
2019-09-19,59.0
2019-09-20,59.0
2019-09-21,61.0
2019-09-22,61.0
2019-09-23,61.0
2019-09-24,61.0
2019-09-25,61.0
2019-09-26,61.0
2019-09-27,62.0
2019-09-28,62.0
2019-09-29,61.0
2019-09-30,61.0
2019-10-01,61.0
2019-10-02,61.0
2019-10-03,61.0
2019-10-04,61.0
2019-10-05,61.0
2019-10-06,61.0
2019-10-07,61.0
2019-10-08,61.0
2019-10-09,61.0
2019-10-10,61.0
2019-10-11,61.0
2019-10-12,61.0
2019-10-13,61.0
2019-10-14,69.0
2019-10-15,69.0
2019-10-16,71.0
2019-10-17,71.0
2019-10-18,68.0
2019-10-19,67.0
2019-10-20,64.0
2019-10-21,59.0
2019-10-22,62.0
2019-10-23,59.0
2019-10-24,61.0
2019-10-25,71.0
2019-10-26,62.0
2019-10-27,63.0
2019-10-28,62.0
2019-10-29,63.0
2019-10-30,64.0
2019-10-31,65.0
2019-11-01,63.0
2019-11-02,63.0
2019-11-03,72.0
2019-11-04,56.0
2019-11-05,52.0
2019-11-06,52.0
2019-11-07,54.0
2019-11-08,54.0
2019-11-09,51.0
2019-11-10,49.0
2019-11-11,48.0
2019-11-12,48.0
2019-11-13,48.0
2019-11-14,48.0
2019-11-15,46.0
2019-11-16,48.0
2019-11-17,46.0
2019-11-18,47.0
2019-11-19,46.0
2019-11-20,45.0
2019-11-21,45.0
2019-11-22,44.0
2019-11-23,45.0
2019-11-24,43.0
2019-11-25,44.0
2019-11-26,43.0
2019-11-27,45.0
2019-11-28,45.0
2019-11-29,45.0
2019-11-30,45.0
2019-12-01,46.0
2019-12-02,46.0
2019-12-03,47.0
2019-12-04,45.0
2019-12-05,45.0
2019-12-06,46.0
2019-12-07,49.0
2019-12-08,49.0
2019-12-09,48.0
2019-12-10,52.0
2019-12-11,51.0
2019-12-12,51.0
2019-12-13,51.0
2019-12-14,51.0
2019-12-15,53.0
2019-12-16,54.0
2019-12-17,54.0
2019-12-18,54.0
2019-12-19,54.0
2019-12-20,56.0
2019-12-21,57.0
2019-12-22,57.0
2019-12-23,57.0
2019-12-24,57.0
2019-12-25,57.0
2019-12-26,57.0
2019-12-27,57.0
2019-12-28,51.0
2019-12-29,49.0
2019-12-30,49.0
2019-12-31,49.0
2020-01-01,49.0
2020-01-02,49.0
2020-01-03,49.0
2020-01-04,49.0
2020-01-05,49.0
2020-01-06,49.0
2020-01-07,49.0
2020-01-08,49.0
2020-01-09,48.0
2020-01-10,49.0
2020-01-11,47.0
2020-01-12,49.0
2020-01-13,49.0
2020-01-14,49.0
2020-01-15,49.0
2020-01-16,44.0
2020-01-17,49.0
2020-01-18,50.49394641457896
2020-01-19,50.49394641457896
2020-01-20,50.49394641457896
2020-01-21,50.49394641457896
2020-01-22,49.0
2020-01-23,49.0
2020-01-24,42.0
2020-01-25,41.0
2020-01-26,41.0
2020-01-27,42.0
2020-01-28,39.0
2020-01-29,39.0
2020-01-30,39.0
2020-01-31,37.0
2020-02-01,34.0
2020-02-02,34.0
2020-02-03,31.0
2020-02-04,33.0
2020-02-05,33.0
2020-02-06,33.0
2020-02-07,31.0
2020-02-08,31.0
2020-02-09,32.0
2020-02-10,34.0
2020-02-11,34.0
2020-02-12,36.0
2020-02-13,36.0
2020-02-14,36.0
2020-02-15,39.0
2020-02-16,36.0
2020-02-17,36.0
2020-02-18,36.0
2020-02-19,36.0
2020-02-20,34.0
2020-02-21,34.0
2020-02-22,34.0
2020-02-23,33.0
2020-02-24,34.0
2020-02-25,34.0
2020-02-26,34.0
2020-02-27,34.0
2020-02-28,34.0
2020-02-29,34.0
2020-03-01,55.0
2020-03-02,33.0
2020-03-03,39.73499954792242
2020-03-04,31.0
2020-03-05,30.0
2020-03-06,30.0
2020-03-07,31.0
2020-03-08,31.0
2020-03-09,30.0
2020-03-10,30.0
2020-03-11,30.0
2020-03-12,30.0
2020-03-13,30.0
2020-03-14,30.0
2020-03-15,30.0
2020-03-16,30.0
2020-03-17,31.0
2020-03-18,29.0
2020-03-19,29.0
2020-03-20,29.0
2020-03-21,31.0
2020-03-22,34.0
2020-03-23,34.0
2020-03-24,35.27874690866516
2020-03-25,34.0
2020-03-26,37.0
2020-03-27,35.0
2020-03-28,36.0
2020-03-29,36.0
2020-03-30,37.0
2020-03-31,36.0
2020-04-01,36.0
2020-04-02,36.0
2020-04-03,36.0
2020-04-04,36.0
2020-04-05,36.0
2020-04-06,36.0
2020-04-07,39.0
2020-04-08,39.0
2020-04-09,35.737642569602265
2020-04-10,35.737642569602265
2020-04-11,35.737642569602265
2020-04-12,35.737642569602265
2020-04-13,39.0
2020-04-14,38.0
2020-04-15,38.0
2020-04-16,38.0
2020-04-17,38.0
2020-04-18,36.126534202773776
2020-04-19,36.126534202773776
2020-04-20,36.0
2020-04-21,36.0
2020-04-22,32.0
2020-04-23,34.0
2020-04-24,33.0
2020-04-25,33.0
2020-04-26,33.0
2020-04-27,31.0
2020-04-28,33.0
2020-04-29,32.0
2020-04-30,32.0
2020-05-01,32.0
2020-05-02,31.0
2020-05-03,31.0
2020-05-04,31.0
2020-05-05,30.0
2020-05-06,31.0
2020-05-07,31.0
2020-05-08,31.0
2020-05-09,31.0
2020-05-10,31.0
2020-05-11,31.0
2020-05-12,31.0
2020-05-13,32.0
2020-05-14,31.0
2020-05-15,30.0
2020-05-16,30.0
2020-05-17,30.0
2020-05-18,30.0
2020-05-19,30.0
2020-05-20,30.0
2020-05-21,31.0
2020-05-22,31.0
2020-05-23,31.0
2020-05-24,31.0
2020-05-25,31.0
2020-05-26,32.0
2020-05-27,32.0
2020-05-28,32.0
2020-05-29,32.0
2020-05-30,32.0
2020-05-31,32.0
2020-06-01,32.0
2020-06-02,32.0
2020-06-03,32.0
2020-06-04,33.0
2020-06-05,33.0
2020-06-06,33.0
2020-06-07,31.0
2020-06-08,31.0
2020-06-09,32.0
2020-06-10,31.0
2020-06-11,33.0
2020-06-12,34.0
2020-06-13,33.0
2020-06-14,34.0
2020-06-15,33.0
2020-06-16,34.0
2020-06-17,34.0
2020-06-18,34.0
2020-06-19,34.0
2020-06-20,33.0
2020-06-21,33.0
2020-06-22,33.0
2020-06-23,33.0
2020-06-24,35.0
2020-06-25,42.0
2020-06-26,45.0
2020-06-27,47.0
2020-06-28,47.0
2020-06-29,47.0
2020-06-30,46.0
2020-07-01,46.0
2020-07-02,46.0
2020-07-03,51.0
2020-07-04,52.0
2020-07-05,51.0
2020-07-06,50.0
2020-07-07,50.0
2020-07-08,50.0
2020-07-09,50.0
2020-07-10,50.0
2020-07-11,50.0
2020-07-12,39.638504339424685
2020-07-13,50.0
2020-07-14,50.0
2020-07-15,51.0
2020-07-16,51.0
2020-07-17,51.0
2020-07-18,51.0
2020-07-19,54.0
2020-07-20,54.0
2020-07-21,55.0
2020-07-22,54.0
2020-07-23,69.0
2020-07-24,69.0
2020-07-25,69.0
2020-07-26,69.0
2020-07-27,69.0
2020-07-28,69.0
2020-07-29,69.0
2020-07-30,69.0
2020-07-31,67.0
2020-08-01,67.0
2020-08-02,67.0
2020-08-03,67.0
2020-08-04,67.0
2020-08-05,67.0
2020-08-06,67.0
2020-08-07,67.0
2020-08-08,67.0
2020-08-09,67.0
2020-08-10,67.0
2020-08-11,67.0
2020-08-12,67.0
2020-08-13,67.0
2020-08-14,67.0
2020-08-15,67.0
2020-08-16,67.0
2020-08-17,67.0
2020-08-18,67.0
2020-08-19,67.0
2020-08-20,67.0
2020-08-21,67.0
2020-08-22,67.0
2020-08-23,67.0
2020-08-24,67.0
2020-08-25,67.0
2020-08-26,71.0
2020-08-27,71.0
2020-08-28,71.0
2020-08-29,71.0
2020-08-30,73.0
2020-08-31,67.0
2020-09-01,67.0
2020-09-02,67.0
2020-09-03,77.0
2020-09-04,82.0
2020-09-05,86.0
2020-09-06,85.0
2020-09-07,85.0
2020-09-08,88.0
2020-09-09,89.0
2020-09-10,92.0
2020-09-11,92.0
2020-09-12,93.0
2020-09-13,92.0
2020-09-14,94.0
2020-09-15,94.0
2020-09-16,94.0
2020-09-17,92.0
2020-09-18,94.0
2020-09-19,94.0
2020-09-20,94.0
2020-09-21,94.0
2020-09-22,94.0
2020-09-23,95.0
2020-09-24,94.0
2020-09-25,94.0
2020-09-26,91.0
2020-09-27,94.0
2020-09-28,94.0
2020-09-29,96.0
2020-09-30,94.0
2020-10-01,96.0
2020-10-02,96.0
2020-10-03,96.0
2020-10-04,97.0
2020-10-05,97.0
2020-10-06,97.0
2020-10-07,105.0
2020-10-08,102.0
2020-10-09,99.0
2020-10-10,98.0
2020-10-11,92.0
2020-10-12,92.0
2020-10-13,91.0
2020-10-14,91.0
2020-10-15,92.0
2020-10-16,94.0
2020-10-17,94.0
2020-10-18,99.0
2020-10-19,103.0
2020-10-20,101.0
2020-10-21,102.0
2020-10-22,105.0
2020-10-23,109.0
2020-10-24,113.0
2020-10-25,114.0
2020-10-26,91.37189767331974
2020-10-27,91.37189767331974
2020-10-28,109.0
2020-10-29,102.0
2020-10-30,98.0
2020-10-31,93.0
2020-11-01,91.0
2020-11-02,79.0
2020-11-03,78.0
2020-11-04,76.0
2020-11-05,78.0
2020-11-06,72.0
2020-11-07,75.0
2020-11-08,72.0
2020-11-09,72.0
2020-11-10,75.0
2020-11-11,73.0
2020-11-12,73.0
2020-11-13,73.0
2020-11-14,73.0
2020-11-15,73.0
2020-11-16,73.0
2020-11-17,73.0
2020-11-18,73.0
2020-11-19,73.0
2020-11-20,70.0
2020-11-21,69.0
2020-11-22,72.0
2020-11-23,70.0
2020-11-24,73.0
2020-11-25,78.0
2020-11-26,78.0
2020-11-27,82.0
2020-11-28,83.0
2020-11-29,88.0
2020-11-30,88.0
2020-12-01,88.0
2020-12-02,81.0
2020-12-03,78.0
2020-12-04,77.0
2020-12-05,73.0
2020-12-06,72.0
2020-12-07,65.0
2020-12-08,68.0
2020-12-09,63.0
2020-12-10,63.0
2020-12-11,63.0
2020-12-12,63.0
2020-12-13,63.0
2020-12-14,63.0
2020-12-15,63.0
2020-12-16,63.0
2020-12-17,63.0
2020-12-18,63.0
2020-12-19,52.0
2020-12-20,58.0
2020-12-21,53.0
2020-12-22,52.5
2020-12-23,48.0
2020-12-24,52.5
2020-12-25,53.0
2020-12-26,48.0
2020-12-27,47.67
2020-12-28,47.5
2020-12-29,43.0
2020-12-30,42.5
2020-12-31,42.5
2021-01-01,42.5
2021-01-02,42.5
2021-01-03,41.0
2021-01-04,43.0
2021-01-05,42.0
2021-01-06,40.0
2021-01-07,43.0
2021-01-08,42.0
2021-01-09,38.0
2021-01-10,32.67
2021-01-11,36.33
2021-01-12,33.0
2021-01-13,37.5
2021-01-14,33.0
2021-01-15,32.5
2021-01-16,32.5
2021-01-17,32.67
2021-01-18,33.0
2021-01-19,32.4
2021-01-20,32.4
2021-01-21,32.5
2021-01-22,32.5
2021-01-23,32.5
2021-01-24,31.0
2021-01-25,29.6
2021-01-26,29.6
2021-01-27,28.0
2021-01-28,28.0
2021-01-29,27.5
2021-01-30,27.5
2021-01-31,29.0
2021-02-01,28.0
2021-02-02,26.0
2021-02-03,27.5
2021-02-04,27.5
2021-02-05,27.5
2021-02-06,27.5
2021-02-07,27.67
2021-02-08,27.5
2021-02-09,27.5
2021-02-10,26.0
2021-02-11,26.0
2021-02-12,24.0
2021-02-13,24.4
2021-02-14,26.0
2021-02-15,26.0
2021-02-16,26.0
2021-02-17,27.0
2021-02-18,27.0
2021-02-19,27.67
2021-02-20,27.0
2021-02-21,27.67
2021-02-22,27.0
2021-02-23,27.0
2021-02-24,27.0
2021-02-25,27.6
2021-02-26,27.5
2021-02-27,27.5
2021-02-28,27.67
2021-03-01,27.5
2021-03-02,27.5
2021-03-03,27.5
2021-03-04,33.36346826553094
2021-03-05,27.5
2021-03-06,27.0
2021-03-07,27.67
2021-03-08,27.5
2021-03-09,26.0
2021-03-10,26.0
2021-03-11,27.5
2021-03-12,27.5
2021-03-13,27.5
2021-03-14,27.67
2021-03-15,27.67
2021-03-16,27.67
2021-03-17,26.0
2021-03-18,27.67
2021-03-19,26.0
2021-03-20,26.0
2021-03-21,27.67
2021-03-22,27.5
2021-03-23,26.0
2021-03-24,27.5
2021-03-25,27.5
2021-03-26,27.6
2021-03-27,29.0
2021-03-28,30.0
2021-03-29,31.0
2021-03-30,32.67
2021-03-31,32.4
2021-04-01,33.6
2021-04-02,32.5
2021-04-03,32.5
2021-04-04,32.67
2021-04-05,33.6
2021-04-06,33.5
2021-04-07,31.0
2021-04-08,32.5
2021-04-09,31.8
2021-04-10,32.4
2021-04-11,31.6
2021-04-12,32.0
2021-04-13,32.4
2021-04-14,32.5
2021-04-15,32.4
2021-04-16,32.5
2021-04-17,32.6
2021-04-18,31.67
2021-04-19,31.6
2021-04-20,32.5
2021-04-21,32.5
2021-04-22,32.4
2021-04-23,32.4
2021-04-24,32.5
2021-04-25,32.67
2021-04-26,36.4
2021-04-27,37.2
2021-04-28,45.0
2021-04-29,45.0
2021-04-30,48.2
2021-05-01,45.0
2021-05-02,42.33
2021-05-03,42.4
2021-05-04,42.5
2021-05-05,39.0
2021-05-06,39.0
2021-05-07,36.67
2021-05-08,36.5
2021-05-09,36.5
2021-05-10,36.5
2021-05-11,36.5
2021-05-12,36.0
2021-05-13,36.0
2021-05-14,36.0
2021-05-15,36.5
2021-05-16,36.5
2021-05-17,36.5
2021-05-18,36.5
2021-05-19,35.0
2021-05-20,33.33
2021-05-21,34.33
2021-05-22,33.33
2021-05-23,37.5
2021-05-24,37.5
2021-05-25,37.5
2021-05-26,37.67
2021-05-27,46.33
2021-05-28,52.33
2021-05-29,52.33
2021-05-30,52.5
2021-05-31,52.4
2021-06-01,50.4
2021-06-02,47.67
2021-06-03,47.67
2021-06-04,42.33
2021-06-05,42.4
2021-06-06,42.5
2021-06-07,41.2
2021-06-08,40.8
2021-06-09,42.33
2021-06-10,42.33
2021-06-11,42.33
2021-06-12,42.33
2021-06-13,43.0
2021-06-14,43.0
2021-06-15,42.8
2021-06-16,42.6
2021-06-17,42.5
2021-06-18,42.6
2021-06-19,46.5
2021-06-20,40.44518408768924
2021-06-21,49.0
2021-06-22,49.2
2021-06-23,50.4
2021-06-24,46.2
2021-06-25,48.2
2021-06-26,46.4
2021-06-27,46.67
2021-06-28,46.4
2021-06-29,46.5
2021-06-30,46.5
2021-07-01,46.5
2021-07-02,46.5
2021-07-03,46.5
2021-07-04,46.33
2021-07-05,49.0
2021-07-06,49.2
2021-07-07,49.0
2021-07-08,49.0
2021-07-09,49.0
2021-07-10,49.0
2021-07-11,49.0
2021-07-12,49.0
2021-07-13,49.0
2021-07-14,49.0
2021-07-15,49.0
2021-07-16,49.0
2021-07-17,49.2
2021-07-18,49.0
2021-07-19,49.0
2021-07-20,49.0
2021-07-21,49.0
2021-07-22,49.0
2021-07-23,49.2
2021-07-24,49.2
2021-07-25,49.0
2021-07-26,49.0
2021-07-27,49.0
2021-07-28,49.2
2021-07-29,49.0
2021-07-30,49.0
2021-07-31,49.0
2021-08-01,49.0
2021-08-02,49.2
2021-08-03,51.0
2021-08-04,51.0
2021-08-05,53.0
2021-08-06,53.6
2021-08-07,53.6
2021-08-08,54.5
2021-08-09,53.6
2021-08-10,52.0
2021-08-11,51.4
2021-08-12,51.0
2021-08-13,53.6
2021-08-14,53.5
2021-08-15,53.33
2021-08-16,51.8
2021-08-17,52.8
2021-08-18,52.4
2021-08-19,53.2
2021-08-20,53.6
2021-08-21,53.8
2021-08-22,53.5
2021-08-23,53.5
2021-08-24,57.6
2021-08-25,56.0
2021-08-26,53.8
2021-08-27,52.6
2021-08-28,52.4
2021-08-29,52.33
2021-08-30,53.5
2021-08-31,53.5
2021-09-01,53.8
2021-09-02,53.8
2021-09-03,58.2
2021-09-04,57.5
2021-09-05,57.67
2021-09-06,58.25
2021-09-07,57.5
2021-09-08,58.2
2021-09-09,58.4
2021-09-10,56.0
2021-09-11,57.0
2021-09-12,57.0
2021-09-13,59.0
2021-09-14,56.8
2021-09-15,57.0
2021-09-16,57.0
2021-09-17,57.2
2021-09-18,57.2
2021-09-19,57.0
2021-09-20,59.2
2021-09-21,59.0
2021-09-22,59.0
2021-09-23,59.2
2021-09-24,59.0
2021-09-25,59.0
2021-09-26,59.0
2021-09-27,59.2
2021-09-28,59.2
2021-09-29,58.8
2021-09-30,58.8
2021-10-01,59.2
2021-10-02,58.2
2021-10-03,57.67
2021-10-04,56.5
2021-10-05,56.8
2021-10-06,56.5
2021-10-07,68.0
2021-10-08,69.2
2021-10-09,69.2
2021-10-10,69.0
2021-10-11,69.0
2021-10-12,68.33
2021-10-13,73.0
2021-10-14,72.5
2021-10-15,73.33
2021-10-16,77.6
2021-10-17,77.67
2021-10-18,69.2
2021-10-19,66.8
2021-10-20,71.2
2021-10-21,71.8
2021-10-22,71.2
2021-10-23,68.0
2021-10-24,67.67
2021-10-25,68.0
2021-10-26,68.0
2021-10-27,66.5
2021-10-28,63.0
2021-10-29,63.0
2021-10-30,63.0
2021-10-31,62.33
2021-11-01,62.33
2021-11-02,63.0
2021-11-03,67.5
2021-11-04,66.5
2021-11-05,71.2
2021-11-06,72.5
2021-11-07,68.33
2021-11-08,71.0
2021-11-09,71.0
2021-11-10,60.0
2021-11-11,59.0
2021-11-12,62.4
2021-11-13,60.0
2021-11-14,60.0
2021-11-15,61.4
2021-11-16,60.0
2021-11-17,62.0
2021-11-18,60.0
2021-11-19,60.0
2021-11-20,63.4
2021-11-21,63.0
2021-11-22,58.0
2021-11-23,57.6
2021-11-24,57.2
2021-11-25,52.4
2021-11-26,53.0
2021-11-27,52.4
2021-11-28,52.33
2021-11-29,42.5
2021-11-30,47.5
2021-12-01,43.8
2021-12-02,47.5
2021-12-03,51.0
2021-12-04,51.0
2021-12-05,51.0
2021-12-06,46.0
2021-12-07,42.5
2021-12-08,43.6
2021-12-09,40.4
2021-12-10,42.4
2021-12-11,40.4
2021-12-12,40.0
2021-12-13,37.5
2021-12-14,37.5
2021-12-15,38.0
2021-12-16,38.0
2021-12-17,37.5
2021-12-18,33.0
2021-12-19,37.67
2021-12-20,38.0
2021-12-21,30.0
2021-12-22,30.0
2021-12-23,29.6
2021-12-24,27.5
2021-12-25,30.0
2021-12-26,30.0
2021-12-27,30.0
2021-12-28,32.0
2021-12-29,34.4
2021-12-30,34.0
2021-12-31,34.0
2022-01-01,33.6
2022-01-02,37.67
2022-01-03,37.5
2022-01-04,36.4
2022-01-05,39.2
2022-01-06,36.4
2022-01-07,36.4
2022-01-08,36.5
2022-01-09,37.67
2022-01-10,38.0
2022-01-11,38.0
2022-01-12,38.0
2022-01-13,40.0
2022-01-14,40.4
2022-01-15,39.6
2022-01-16,40.4
2022-01-17,40.0
2022-01-18,38.0
2022-01-19,38.4
2022-01-20,38.4
2022-01-21,38.4
2022-01-22,37.0
2022-01-23,35.0
2022-01-24,35.0
2022-01-25,37.0
2022-01-26,35.0
2022-01-27,35.0
2022-01-28,35.0
2022-01-29,33.5
2022-01-30,33.33
2022-01-31,31.0
2022-02-01,31.5
2022-02-02,31.2
2022-02-03,31.2
2022-02-04,30.4
2022-02-05,29.0
2022-02-06,29.0
2022-02-07,29.0
2022-02-08,29.0
2022-02-09,29.0
2022-02-10,29.0
2022-02-11,27.0
2022-02-12,27.0
2022-02-13,28.0
2022-02-14,27.5
2022-02-15,26.0
2022-02-16,26.0
2022-02-17,25.0
2022-02-18,26.5
2022-02-19,25.5
2022-02-20,26.33
2022-02-21,26.33
2022-02-22,26.33
2022-02-23,26.33
2022-02-24,26.33
2022-02-25,26.33
2022-02-26,32.69174742369413
2022-02-27,26.33
2022-02-28,25.0
2022-03-01,25.0
2022-03-02,26.0
2022-03-03,28.0
2022-03-04,31.67308014553169
2022-03-05,29.0
2022-03-06,29.0
2022-03-07,29.0
2022-03-08,26.0
2022-03-09,26.0
2022-03-10,25.8
2022-03-11,25.0
2022-03-12,25.0
2022-03-13,26.0
2022-03-14,25.0
2022-03-15,25.0
2022-03-16,25.0
2022-03-17,26.5
2022-03-18,29.2
2022-03-19,27.0
2022-03-20,27.67
2022-03-21,27.0
2022-03-22,27.0
2022-03-23,26.6
2022-03-24,26.5
2022-03-25,25.0
2022-03-26,25.75
2022-03-27,27.67
2022-03-28,27.0
2022-03-29,27.0
2022-03-30,27.0
2022-03-31,27.0
2022-04-01,26.0
2022-04-02,26.0
2022-04-03,28.0
2022-04-04,26.25
2022-04-05,27.0
2022-04-06,27.4
2022-04-07,27.67
2022-04-08,27.67
2022-04-09,27.67
2022-04-10,29.0
2022-04-11,31.0
2022-04-12,31.0
2022-04-13,30.0
2022-04-14,31.0
2022-04-15,31.0
2022-04-16,31.0
2022-04-17,32.0
2022-04-18,29.0
2022-04-19,31.0
2022-04-20,29.0
2022-04-21,29.0
2022-04-22,29.0
2022-04-23,29.0
2022-04-24,29.0
2022-04-25,29.33
2022-04-26,26.75
2022-04-27,29.0
2022-04-28,28.0
2022-04-29,30.0
2022-04-30,27.5
2022-05-01,27.0
2022-05-02,27.5
2022-05-03,29.0
2022-05-04,28.2
2022-05-05,29.0
2022-05-06,29.0
2022-05-07,29.0
2022-05-08,32.67
2022-05-09,31.0
2022-05-10,31.0
2022-05-11,31.2
2022-05-12,31.0
2022-05-13,29.16577241587174
2022-05-14,31.33
2022-05-15,32.5
2022-05-16,35.0
2022-05-17,35.0
2022-05-18,35.0
2022-05-19,34.0
2022-05-20,34.0
2022-05-21,33.0
2022-05-22,32.5
2022-05-23,33.0
2022-05-24,33.0
2022-05-25,31.0
2022-05-26,32.67
2022-05-27,32.67
2022-05-28,31.0
2022-05-29,33.0
2022-05-30,33.5
2022-05-31,35.0
2022-06-01,35.0
2022-06-02,35.0
2022-06-03,35.0
2022-06-04,36.5
2022-06-05,37.5
2022-06-06,38.2
2022-06-07,41.0
2022-06-08,41.0
2022-06-09,41.0
2022-06-10,42.33
2022-06-11,42.0
2022-06-12,42.5
2022-06-13,43.8
2022-06-14,43.5
2022-06-15,44.8
2022-06-16,43.5
2022-06-17,43.5
2022-06-18,43.5
2022-06-19,43.33
2022-06-20,44.8
2022-06-21,46.33
2022-06-22,46.0
2022-06-23,47.0
2022-06-24,47.0
2022-06-25,46.8
2022-06-26,45.33
2022-06-27,46.8
2022-06-28,46.5
2022-06-29,49.0
2022-06-30,49.0
2022-07-01,49.0
2022-07-02,49.2
2022-07-03,48.33
2022-07-04,54.0
2022-07-05,54.6
2022-07-06,54.0
2022-07-07,54.6
2022-07-08,54.5
2022-07-09,54.5
2022-07-10,54.33
2022-07-11,54.5
2022-07-12,54.5
2022-07-13,54.5
2022-07-14,54.5
2022-07-15,54.5
2022-07-16,54.5
2022-07-17,54.0
2022-07-18,54.5
2022-07-19,54.5
2022-07-20,54.5
